Date,Close,High,Low,Open,Volume
2022-01-19,40.76061248779297,41.73110326131185,36.87864939371745,36.87864939371745,129900
2022-01-20,43.672096252441406,46.9426499796391,39.74160833014757,39.74160833014757,153400
2022-01-21,43.672096252441406,48.47602758063585,41.682590385811636,41.73111419677734,329500
2022-01-24,41.537010192871094,43.67209093454113,40.64416033300907,43.59444988474668,110000
2022-01-25,40.66162109375,43.59444357637775,40.110385268918336,41.24585769188502,23500
2022-01-26,41.94461441040039,43.73031766666053,41.0032371306487,43.681790163974576,90500
2022-01-27,44.409664154052734,48.15575980588509,42.45897897739933,45.865400576134995,151600
2022-01-28,45.370445251464844,46.195360957003665,42.84717063276959,43.2353647344996,43600
2022-01-31,46.58356475830078,46.58356475830078,44.64258289337158,44.64258289337158,71300
2022-02-01,48.311031341552734,48.5245405044535,45.661591874265014,46.09831347923082,298800
2022-02-02,51.44572448730469,54.57070658302731,48.33044937443605,48.55851534382477,23860900
2022-02-03,52.037715911865234,54.90066452618056,48.81568673640383,50.649913764962015,8425500
2022-02-04,48.66040802001953,52.72676683305532,48.640997759803845,51.04781449462008,6757800
2022-02-07,44.71051788330078,48.563368149217204,44.642583812799465,48.52454762260812,9432500
2022-02-08,44.1573371887207,46.15654983156991,42.86658247848998,43.79825658224373,7277500
2022-02-09,45.913917541503906,46.04978565068998,42.58513405793203,43.42945995225138,4393100
2022-02-10,45.661590576171875,47.068802951221734,44.040872746419545,44.167033882611925,2450000
2022-02-11,46.67090606689453,47.46670828379188,44.70081078629852,45.38015143331172,3456800
2022-02-14,46.69032669067383,47.554063163964265,45.60337771209382,46.767964052364704,2155000
2022-02-15,46.58356475830078,47.02028641833567,45.80717275275492,46.29241821898722,2359800
2022-02-16,45.807167053222656,47.03969082835208,45.5645443502947,46.31182271956823,5855300
2022-02-17,43.95353317260742,45.69071274931736,43.85648186260386,44.953137601806034,3142600
2022-02-18,44.06999206542969,44.54553424016303,43.4779920181178,43.81766605782134,2018700
2022-02-22,42.25517654418945,44.332026569743874,42.206652737468204,44.069993570894134,2611100
2022-02-23,41.818450927734375,42.691894174695996,40.93530440119709,42.40074395762292,2791200
2022-02-24,43.153358459472656,43.41625165934464,41.10863852395614,42.014158307643235,2447900
2022-02-25,42.754154205322266,43.74730512794285,42.588630908693546,43.1338876169131,2040700
2022-02-28,44.76966857910156,45.392821272678,41.34232505014813,42.16021388903796,5534900
2022-03-01,46.532020568847656,46.785174931971305,44.15624652372382,44.419139735976835,4212900
2022-03-02,48.15806198120117,48.975950783492834,46.08413271212253,46.7364944983056,3517100
2022-03-03,48.21648406982422,49.00516375380631,46.29541982123647,48.50858641838996,2072200
2022-03-04,49.657527923583984,49.6964758957363,46.979916123782886,47.875697197587755,2544600
2022-03-07,50.29042053222656,51.19594047531805,48.557272877708726,49.71595093084898,2726900
2022-03-08,50.94278335571289,53.86381452846837,49.51147689249208,49.83279210435112,3873700
2022-03-09,49.97883987426758,52.2669792324044,49.258317293409114,51.05961817413105,3050600
2022-03-10,49.9691047668457,50.28068111858217,47.97306760282048,49.23884699603527,2692700
2022-03-11,48.02174758911133,50.47541398521781,47.01886150430712,50.0664677287253,3034100
2022-03-14,49.608848571777344,50.49489457677456,47.31097004076477,50.49489457677456,2916600
2022-03-15,49.93989181518555,50.23199415825465,48.58648144468189,49.988574919983265,2117400
2022-03-16,50.40726089477539,51.02067847104875,49.02463756412723,50.34883893513116,2989800
2022-03-17,49.647789001464844,51.32251081918363,49.56989306310069,50.51436088721079,2244600
2022-03-18,47.719913482666016,50.056740030217405,47.59333813276718,49.31674706158673,9663900
2022-03-21,47.92438507080078,48.128856357659465,47.320702632051606,47.622543851426194,2452000
2022-03-22,49.79384231567383,50.67988825720932,48.69358624070676,49.02463657679051,3841900
2022-03-23,49.647789001464844,50.40725582910147,49.36542179631895,49.36542179631895,2396200
2022-03-24,51.03041076660156,51.19593778590466,49.430657960702284,49.832788517683525,2335200
2022-03-25,52.383819580078125,52.40329356494557,50.66041091927879,50.864885903245565,2441200
2022-03-28,55.285377502441406,55.35353459361105,52.62723980397673,52.94855498887609,3127000
2022-03-29,54.84722137451172,55.87931650788311,53.19196990724875,55.49958311245155,2201300
2022-03-30,55.98643112182617,56.26879836152075,54.23381315130391,54.69143884519581,1934100
2022-03-31,54.76932907104492,57.524836654275035,54.31169971068079,56.80431406865595,3817600
2022-04-01,56.49273681640625,56.76536517254093,54.23380660027748,54.87643323565407,2156500
2022-04-04,56.843257904052734,57.15483421185184,56.01563031860677,56.82378392052997,1885100
2022-04-05,57.44694519042969,58.73219858229326,56.91142356286706,57.10615971314886,2143100
2022-04-06,58.03114318847656,58.49851138059586,56.83352101759228,57.34957231305822,2559400
2022-04-07,59.30666732788086,59.462455503004044,57.787729834717524,58.18693726561337,3925800
2022-04-08,62.33479690551758,63.19163740102426,59.29692948636718,59.60850582239711,4762100
2022-04-11,59.082725524902344,62.95990985719475,58.8198322675289,62.490595305672926,3487700
2022-04-12,60.24139404296875,61.54612135189528,59.27745590748088,59.39429610572242,2553000
2022-04-13,62.51006317138672,62.850856079192795,60.124557388142016,60.406924621959625,3405700
2022-04-14,60.903499603271484,63.01638076333342,60.54421327183972,62.43217601071456,1860100
2022-04-18,61.643489837646484,62.480848905461784,60.65033889010795,60.65033889010795,1216800
2022-04-19,64.95398712158203,65.12924926615895,61.224806410379344,61.955064108022235,2078800
2022-04-20,63.6882209777832,66.87214174128047,63.35230119867342,66.03477886333239,2182800
2022-04-21,61.020328521728516,64.55478036402103,60.51401981074739,63.28899744372058,2493700
2022-04-22,60.78665542602539,62.759325979494626,60.65034124026832,60.85481251890392,2030500
2022-04-25,60.63086700439453,61.185862595134466,57.87535932205153,60.71849808263152,2261600
2022-04-26,58.37193298339844,60.582180071081176,58.33298501457906,60.173233827043184,2136500
2022-04-27,58.50825500488281,59.57929829104408,58.15773066707491,58.43035905679962,1991600
2022-04-28,59.69613265991211,59.735076913438164,57.25220153701457,58.63482467996224,3354600
2022-04-29,57.65141677856445,60.231662426167254,57.59299853317232,59.881138096681866,2578400
2022-05-02,56.667999267578125,58.41088190057389,55.40221997465912,57.739042427521255,2488200
2022-05-03,58.128517150878906,58.858774894698286,56.911420911179945,56.911420911179945,2224200
2022-05-04,60.18297576904297,60.65520598668439,58.26775034675563,58.53745928755126,2628900
2022-05-05,58.57640838623047,60.35823908562034,57.612466518411146,59.60850734715709,1946800
2022-05-06,58.683509826660156,59.61823880093178,57.15483732260673,58.67377097722743,2861000
2022-05-09,56.103271484375,58.975619570982154,55.080911308269606,58.975619570982154,2193700
2022-05-10,55.538543701171875,58.29404801363606,55.24157188304442,56.71669212250314,2156200
2022-05-11,55.8598518371582,57.47615560659422,55.04196295899279,55.60669743609227,1877000
2022-05-12,52.1907844543457,56.46599461602517,51.8101154134296,55.93891641045217,3785600
2022-05-13,53.30351257324219,54.56362708493001,52.34695851102773,53.22542470362408,2317500
2022-05-16,55.23614501953125,55.763226991616804,53.039973859276145,53.118058008788054,1631900
2022-05-17,57.900821685791016,58.05699367976307,54.64072805361961,55.48991303812802,2215100
2022-05-18,55.909629821777344,58.81345803810917,55.56800472500151,57.9984317813423,4609100
2022-05-19,55.86082077026367,56.13412081833815,53.606084203347564,55.76321467407533,2181100
2022-05-20,55.294700622558594,57.529911579421174,54.16245273981909,56.1341227597379,2266200
2022-05-23,55.245906829833984,56.212223825672126,54.52361258710923,56.12437682605047,1581800
2022-05-24,55.421592712402344,55.98771856559417,53.752503687469506,55.19709568478866,1682300
2022-05-25,57.75441360473633,57.92034845653208,55.51920245368375,55.51920245368375,1974700
2022-05-26,60.9754638671875,61.53475346252077,57.75441035490774,57.76417319922338,3260100
2022-05-27,65.00666046142578,65.04570439526074,60.51671232657017,60.90714421805086,2793800
2022-05-31,60.59479904174805,64.80168416143839,59.90178226137903,63.972021062114905,7389300
2022-06-01,62.127227783203125,62.3907649794696,60.66311404493534,60.887611037991014,2008600
2022-06-02,62.22483444213867,62.58598518173402,60.49717976846252,62.166268551639305,1758500
2022-06-03,63.61087417602539,64.24532509575259,61.6099190249825,61.74656907577061,1793500
2022-06-06,64.80168151855469,65.33852626809387,63.8207278727987,64.0012995399762,2033200
2022-06-07,64.95784759521484,65.10425300800598,63.602078365950206,63.95248326388889,2721700
2022-06-08,63.220436096191406,64.8797696817092,61.61967585506306,64.85048859466588,1922200
2022-06-09,59.74561309814453,62.91786020602312,59.69681004117177,62.7226479781321,1811000
2022-06-10,58.35958480834961,59.599201772500784,57.79345894231632,58.41814698522585,1540800
2022-06-13,54.15269470214844,57.57872346306208,53.87939462036501,56.87594756883685,2113200
2022-06-14,53.137569427490234,55.12876511109547,52.04436548731704,54.689530221559906,2330400
2022-06-15,56.8076171875,58.130199563368535,54.347905513267136,54.36742747775716,3891700
2022-06-16,56.86617660522461,56.95402357946094,54.73833470687526,54.982353666039074,4837000
2022-06-17,56.71001052856445,58.0765183316234,54.15757403491122,57.14924544550727,6478700
2022-06-21,58.93547058105469,59.482070764163865,56.710014744253975,56.710014744253975,4363600
2022-06-22,57.793453216552734,58.98426700751821,57.456709562573174,57.86177823176216,3233400
2022-06-23,57.24685287475586,59.7651267539885,56.4074270072003,58.44742578180601,2667600
2022-06-24,57.861785888671875,58.89642782129761,56.59288779388135,57.43231377574673,6473700
2022-06-27,57.99843215942383,58.43864262895852,57.02235619263365,57.705610114073636,1718900
2022-06-28,56.69049072265625,59.45278361579566,56.446471744800675,58.40838268844851,1401700
2022-06-29,55.93891525268555,56.763696916455146,54.972598402838464,56.57336239993644,1412200
2022-06-30,55.890106201171875,57.42645099826352,55.19709318340885,55.53872199350532,2424400
2022-07-01,56.22196960449219,56.70024842745583,55.26541568199891,55.363025504763954,1531900
2022-07-05,53.625614166259766,55.9974791470845,51.62465910845799,55.78274495875285,2696000
2022-07-06,55.40207290649414,55.85107070266466,53.254708654822934,53.81107168482941,1716600
2022-07-07,57.69584655761719,58.46694740573088,56.192688790684336,56.192688790684336,1872100
2022-07-08,58.22292709350586,58.379099083657536,56.0462746283305,57.52991039648845,2096000
2022-07-11,58.408382415771484,58.70120444314433,57.01259357107903,58.2229293339033,1774700
2022-07-12,57.8129768371582,59.648000626534966,57.51039195868322,57.9886708022812,1808400
2022-07-13,58.38886642456055,58.8378604940309,56.758821280574274,56.758821280574274,1577200
2022-07-14,56.53432083129883,57.55920362271001,55.7241796774745,56.89547163663407,2608600
2022-07-15,54.32838439941406,55.29079529558035,51.38063473707877,53.64513052530134,5186100
2022-07-18,53.49872589111328,55.314224089176605,53.28398798366557,54.98236182993469,2583100
2022-07-19,53.684181213378906,54.17221922440962,52.87403632781934,54.113653322649505,2326200
2022-07-20,52.77642059326172,54.020918783878074,52.093166757696544,53.840343412281165,2803600
2022-07-21,52.8642692565918,53.54264169204135,52.03460625197167,52.57144723869257,1816800
2022-07-22,52.708099365234375,54.26981933853433,52.14197354776681,53.47920023105366,1503100
2022-07-25,53.64513397216797,53.742743802418126,52.0931730438163,52.68857997632222,1847700
2022-07-26,54.17221450805664,55.31422156719428,53.57680759068708,54.07460840372211,1993500
2022-07-27,54.20149612426758,54.42599314517789,52.883795085705295,53.713458150957955,1557200
2022-07-28,63.044734954833984,64.36244329682411,60.702155172012525,61.08282787744023,8460600
2022-07-29,64.51860809326172,65.00664598723021,62.11746254856079,62.32243757040349,3895200
2022-08-01,63.73775100708008,65.00664504488371,62.595736692129485,64.46980783742082,2735200
2022-08-02,64.26484680175781,65.1921235641907,63.435183606748126,63.737772261394696,1722900
2022-08-03,65.56300354003906,65.76797854516049,63.972002816363236,65.03592176392682,2286700
2022-08-04,65.84608459472656,66.73431730937178,63.94273941601357,63.94273941601357,2425900
2022-08-05,72.52244567871094,74.1622535638796,68.08129715104249,68.09105999561385,4216800
2022-08-08,74.07440185546875,75.77277189137762,73.17641378561977,75.16760957976427,3183600
2022-08-09,73.90847778320312,74.93335314103636,73.22522009777855,73.93775887244563,2945700
2022-08-10,75.27499389648438,75.35307432733588,73.69374788354054,74.2305927342878,2134600
2022-08-11,76.94405364990234,78.14462265980478,74.84548928466053,75.27496500039383,2540200
2022-08-12,79.69273376464844,79.86874255480707,77.28728527262196,77.8837590914811,2170800
2022-08-15,79.3993911743164,80.60211926980074,78.47046035975039,78.47046035975039,1980100
2022-08-16,79.5949478149414,80.2892025940312,79.10603536824055,79.30159736283613,1878800
2022-08-17,77.9326400756836,79.64383361840122,77.3459466387942,78.6366751840356,2502200
2022-08-18,79.79051208496094,80.32342487661134,77.65885345814722,77.65885345814722,1939600
2022-08-19,79.04736328125,79.47760863511049,78.07931869527602,78.52911726512465,1704000
2022-08-22,77.88375091552734,78.95935676015588,77.75662891029447,78.95935676015588,1724600
2022-08-23,77.9815444946289,79.09626440845611,77.8348692511858,78.49001021699054,1065800
2022-08-24,78.58779907226562,79.02293090515029,77.55129948433044,77.89354420745038,1430200
2022-08-25,80.90523529052734,80.99324341644336,77.99620751977461,78.23577732121069,1551700
2022-08-26,79.03759765625,81.38437918142282,78.81269462058138,80.90523955330549,1641000
2022-08-29,79.20382690429688,80.17187158871201,77.39485210284624,77.88376461460116,1191200
2022-08-30,77.92285919189453,79.77094743132743,77.22860449254983,79.77094743132743,1802800
2022-08-31,79.78074645996094,80.56300952533927,77.8055430371902,78.48024474457368,3016500
2022-09-01,80.69010162353516,81.10079372156208,79.36026671921033,79.7807242339657,2421100
2022-09-02,79.27227020263672,81.83417431563207,79.16470885887122,80.74878799960746,2232200
2022-09-06,80.43588256835938,80.86612047390976,79.282048827624,79.88829552278528,2013300
2022-09-07,81.06168365478516,82.5870880729924,79.87264526424002,80.7683332081091,1759100
2022-09-08,83.88760375976562,84.04405187320874,81.03235668246444,81.03235668246444,2184400
2022-09-09,85.56946563720703,85.86280865353186,83.54047433828417,84.58186032375798,1905300
2022-09-12,86.17570495605469,86.69395841485004,85.5205640695515,86.59616995758293,1733800
2022-09-13,84.46451568603516,86.07792833011887,83.86804187543322,84.97298883288217,1974200
2022-09-14,86.09748840332031,86.56684019381537,84.34718087663055,84.46451509414821,3600300
2022-09-15,84.8752212524414,86.30284499629182,84.39608158441153,85.93126668555736,3631800
2022-09-16,83.6724853515625,84.93388050281774,83.0104959135836,84.68942425164919,6245600
2022-09-19,87.3784408569336,87.7108977694116,83.35957959014033,83.50625482926226,4407400
2022-09-20,85.80413818359375,88.1802530778556,85.61834905837846,86.44950622262863,4626000
2022-09-21,85.34455871582031,88.09224438246586,85.2956719454367,86.82107644930937,2155100
2022-09-22,83.4866943359375,86.04859847624776,82.75332559892402,86.04859847624776,1863300
2022-09-23,81.99061584472656,82.46974795378037,80.33320294831306,81.92706229958014,2678800
2022-09-26,81.08125305175781,83.06623675114932,79.83941849477256,81.81462185459979,1973300
2022-09-27,82.10794830322266,83.52090481764446,81.23768484231019,81.83415855734607,1777800
2022-09-28,83.13467407226562,83.63336688625948,81.3354797428787,82.24485724594406,1564300
2022-09-29,81.1985855102539,84.29828884058377,80.25009410616018,83.16401576717945,1823700
2022-09-30,81.34525299072266,82.5773069505441,80.39676167705812,81.43325364776204,3267800
2022-10-03,84.66985321044922,84.98276433544963,82.01017578985225,83.1444487771314,2026700
2022-10-04,87.35887908935547,87.48110721039623,85.22722782020846,86.34194768728325,1679100
2022-10-05,86.21481323242188,87.48598849199395,83.69202338754206,85.735681155905,1766700
2022-10-06,84.36673736572266,87.91526203952621,84.04405333460653,86.27350053668958,1677300
2022-10-07,82.51866149902344,83.8485042625705,81.52128315646995,83.80939036244105,2017200
2022-10-10,82.8413314819336,83.7311483127548,82.0688488713191,83.06622704413805,982800
2022-10-11,81.04212951660156,83.428024792064,80.71945295148419,82.53820796307238,1534200
2022-10-12,80.33810424804688,81.73638681304436,79.86874497334023,81.2670349985503,1878400
2022-10-13,81.9612808227539,82.45019326084244,77.5415156649267,78.77356963755734,2746500
2022-10-14,79.45805358886719,82.88044074429456,78.92024690892954,82.3426340643569,1693300
2022-10-17,83.30091094970703,84.37651691650576,81.29636679232708,81.37459457978468,1678900
2022-10-18,84.59163665771484,85.46190024730733,82.63598680061496,84.58185631956994,1598900
2022-10-19,83.78982543945312,84.31785182713027,82.68487843071273,83.20312447967012,1325800
2022-10-20,82.68487548828125,84.80676130219993,82.31330469249235,84.4547437229421,2076500
2022-10-21,85.34455871582031,85.5205675016681,81.80483724296582,82.82176860540615,1749200
2022-10-24,85.63790893554688,85.76502349043756,83.67247874253535,85.62617402182876,1325000
2022-10-25,86.19527435302734,86.59617871958183,84.82631787510418,85.55968661754024,1647200
2022-10-26,86.8113021850586,87.69134617587139,85.39345892112493,87.69134617587139,1370100
2022-10-27,90.9768295288086,91.07461052669912,87.81356538266188,87.81356538266188,3345800
2022-10-28,91.67108917236328,93.13978117475286,89.78388671819306,90.83015911753847,1958000
2022-10-31,92.44357299804688,93.30405628074868,91.30440601968422,92.0524415203779,2276600
2022-11-01,93.40184020996094,94.10587539976925,91.9204359398279,93.12805040508275,1467400
2022-11-02,91.02571868896484,94.1547629251477,90.9181648106081,92.58046419905277,1966100
2022-11-03,92.31645965576172,93.33339106681382,90.11635345760014,90.11635345760014,1484400
2022-11-04,92.22844696044922,94.0765354785521,90.68837568210087,92.98136887292321,1974300
2022-11-07,91.4266357421875,92.95204032559127,90.89860935711405,92.95204032559127,2120300
2022-11-08,85.59879302978516,91.0403910102541,84.17116956453016,87.57399605425798,4345400
2022-11-09,85.41300964355469,87.92601951822557,84.41563145657697,85.07077239607275,2241500
2022-11-10,93.03026580810547,93.71474029389067,86.24415821955348,88.49315860464036,4885600
2022-11-11,90.26303100585938,93.74409337356703,89.57366999224858,93.17695303509271,3133200
2022-11-14,91.97782135009766,92.76128109465336,90.09752692911503,90.09752692911503,1997000
2022-11-15,91.56649780273438,92.79064884287789,90.73407658976178,92.55561393522532,2537200
2022-11-16,89.78414154052734,92.56540934514095,89.3924116812735,92.35975285014844,1384600
2022-11-17,88.18783569335938,89.56867405257493,87.03223692040714,88.55997488506036,1792500
2022-11-18,91.37063598632812,91.50774030413591,88.1643375721126,88.25639546310497,2515700
2022-11-21,91.45877075195312,92.27160882547544,90.84180132534127,92.12470920819884,1744800
2022-11-22,94.27920532226562,94.3673480750171,92.14428578823579,92.60456773623123,1567600
2022-11-23,94.62198638916016,95.86572062284355,92.46258204932215,94.04418318304317,1135900
2022-11-25,95.15081787109375,95.43481434405214,94.01480209275948,94.6023931115142,631700
2022-11-28,92.84940338134766,94.59259322348537,92.42829513519783,94.08334969102793,1590100
2022-11-29,92.4772720336914,93.14321053841984,91.39022524697845,92.73189755740019,1436200
2022-11-30,94.13231658935547,94.93535933457754,91.82111893791154,92.19325814660603,3361800
2022-12-01,92.51644897460938,95.75799884524291,91.93864574364899,94.99412971924927,1748600
2022-12-02,90.13668823242188,91.55670041801085,89.15736742260194,91.06704001310088,1848700
2022-12-05,88.19763946533203,89.71558987655825,87.94302140627686,89.12799882020882,2397000
2022-12-06,88.9027328491211,89.00066342578613,87.9430027375301,88.0017595892043,1237500
2022-12-07,90.06814575195312,91.2727062933455,88.71667810735354,89.00068206931105,1237200
2022-12-08,89.51972198486328,91.06214932634792,89.04964469197385,90.4206953686408,1002400
2022-12-09,87.86467742919922,89.96042367877412,87.83529899595884,89.47076320043183,1384600
2022-12-12,89.00067138671875,89.0398451152136,87.22810313416957,88.11928864627147,1554100
2022-12-13,88.96150207519531,90.79283474722547,88.52081068309118,90.07793471366764,1629900
2022-12-14,88.97129821777344,90.38152264045378,88.021355792586,89.64703199891196,2561600
2022-12-15,87.84507751464844,88.97129798978499,87.58066417188601,88.93212425907478,2245100
2022-12-16,86.37609100341797,86.76782081516725,84.15303608954969,86.32712944671475,3911700
2022-12-19,85.91582489013672,86.83638144520555,85.2009173535629,86.55237749076528,1238100
2022-12-20,85.74932861328125,86.29775335321817,85.32332644747638,86.18023216502635,1306600
2022-12-21,87.79611206054688,88.30535559394032,84.91690648987576,86.17043593049793,1409500
2022-12-22,85.52409362792969,87.52680301992274,84.74063394091942,87.28686671626484,1548300
2022-12-23,86.21940612792969,86.40547947516446,85.32822059288418,85.71015511601085,600700
2022-12-27,85.82768249511719,87.07142421377692,85.46533107479398,86.61114219844421,634400
2022-12-28,84.81898498535156,86.51320598298219,84.63291162071414,86.13127142413478,752000
2022-12-29,84.97567749023438,85.87665846330577,84.49581230579898,85.35761954337805,870800
2022-12-30,84.42725372314453,84.80918827564878,83.35979753066482,84.80918827564878,1343300
2023-01-03,80.21617126464844,84.33911098489524,79.11932926586995,84.22158979771814,4030600
2023-01-04,81.68515014648438,82.00832032663777,79.60898739546678,80.2553352273982,2612200
2023-01-05,80.70584106445312,82.18461028252719,80.19169608419195,81.20528935693476,1906300
2023-01-06,81.7732925415039,83.39896877002651,81.36197956981455,81.89081373554026,1914100
2023-01-09,82.26295471191406,83.44793209152634,81.8516417315446,82.11605508417485,1301500
2023-01-10,81.36198425292969,81.76350194698732,79.89300286523579,81.67536665010603,1376700
2023-01-11,82.37067413330078,82.63019355087131,80.73521016969129,81.283627433746,1696200
2023-01-12,82.5959243774414,83.04641858424066,81.05839080266166,82.14543764226798,1496700
2023-01-13,83.39897155761719,83.93269965574135,81.72432624103182,82.07688236329973,1366200
2023-01-17,81.64599609375,83.26186979878712,81.28364462671287,82.19441347380496,2763600
2023-01-18,80.15741729736328,82.76241457935627,80.07906982911707,81.59702027197774,2084900
2023-01-19,79.16828918457031,80.09864841930666,79.08504781390239,79.91257507803445,1635500
2023-01-20,81.28363037109375,81.38156096155318,78.78635922044022,79.44250986693113,1795100
2023-01-23,82.40005493164062,82.54695455205794,80.85076864451123,81.21507761109113,1596200
2023-01-24,82.1748046875,82.48818701707454,81.26403612473274,82.26293996536904,1176000
2023-01-25,81.67536163330078,81.83204908645178,80.78417605979276,81.69494476308519,1535200
2023-01-26,84.10408020019531,84.29015357096068,81.55784723348242,81.90060807045083,2161100
2023-01-27,84.78961181640625,84.86795928760364,83.08558794018039,84.10408265086821,1455100
2023-01-30,80.69603729248047,85.05401196526,80.54913767473651,84.14324330119739,3045800
2023-01-31,83.59483337402344,83.73193770352724,80.67645377824489,81.16611423265148,2509000
2023-02-01,83.643798828125,84.09428553030297,81.16121684415883,83.68786647394533,2623400
2023-02-02,83.5654525756836,84.88753427081552,82.02301770500854,83.71235220217056,2389600
2023-02-03,81.47950744628906,83.39898325752816,81.3326152677581,82.63510657103429,1807200
2023-02-06,81.53826141357422,82.11605716660895,80.80377072787714,81.29343118500853,1502000
2023-02-07,84.15303802490234,84.48600351599072,80.62748458132747,81.60680539741075,2032900
2023-02-08,82.5959243774414,83.24227978331578,82.40006317836628,82.99744954865896,2005900
2023-02-09,82.67425537109375,83.6927498409042,82.1943902988451,83.17371104232156,1975000
2023-02-10,85.01483917236328,85.20091252166392,82.42943276943589,82.46860649937419,1350300
2023-02-13,84.60353088378906,85.49471647790375,84.1628394730101,85.09319132759923,1173500
2023-02-14,84.28034973144531,85.7904622987297,83.38917164560796,84.14324541054725,2383100
2023-02-15,84.23138427734375,84.69656016399789,82.61550345961771,82.75260777417631,2030600
2023-02-16,83.85924530029297,86.10189103978513,83.16882974980147,83.24227582805841,3037600
2023-02-17,82.80158233642578,84.26076833695717,80.20638054320534,83.43813492300556,3570700
2023-02-21,78.70802307128906,81.29342963801305,78.24774105488451,79.92237888981082,5056000
2023-02-22,76.19116973876953,77.6699389323698,74.82011897130602,77.6699389323698,3341000
2023-02-23,77.58180236816406,77.80214807484703,76.38702968279362,76.38702968279362,1584900
2023-02-24,77.90808868408203,78.04569029525793,76.14884859848094,76.39455344263176,1529100
2023-02-27,77.0235595703125,78.72383294413603,76.65500229295388,78.05551544792641,1326200
2023-02-28,73.60333251953125,76.65007067362868,73.12175318991686,76.4731629099293,3584800
2023-03-01,73.07261657714844,74.094749592614,71.57873447658586,72.85639512218043,2594400
2023-03-02,74.87118530273438,75.41173899452048,72.72863862178163,72.85640244969595,1949900
2023-03-03,77.62308502197266,77.83929900673614,74.69427970278785,74.92033148009546,2304600
2023-03-06,77.4461669921875,77.52478684066784,76.02107445018176,77.01372408312142,2295000
2023-03-07,76.5616226196289,77.7115193657373,75.99158564353012,77.7115193657373,2203900
2023-03-08,76.72870635986328,77.10217501349508,75.77537039056683,76.41420446777424,1261600
2023-03-09,77.2889175415039,78.81229062118578,76.07022357674862,76.6992273971589,3110500
2023-03-10,76.2176513671875,78.40933454221528,75.91297223875031,77.82947466575268,2895700
2023-03-13,75.77536010742188,77.25450782746786,75.17583978537347,75.60828264017968,2242400
2023-03-14,76.59111785888672,77.74101478306805,75.8441729986136,76.16850520748028,2142800
2023-03-15,76.00142669677734,76.54197287273152,75.03826037670785,75.96211302061971,1957000
2023-03-16,77.08252716064453,77.68204760476635,74.72375906062783,75.3036264156729,1962900
2023-03-17,75.45103454589844,77.11200156641364,74.6795252926398,76.38471738216705,3896500
2023-03-20,75.67709350585938,77.08252554232945,75.5886433593953,75.73606027016876,1629500
2023-03-21,75.20533752441406,76.76802427651381,74.66479135099155,76.24713119191956,2045700
2023-03-22,73.14142608642578,75.01861494848183,73.12177299549856,74.95964067906458,1863400
2023-03-23,72.13894653320312,73.83921992144835,71.5197655030659,73.38712389051848,1655400
2023-03-24,72.17826080322266,72.25688065831837,69.9374337191765,71.31337491231562,2777200
2023-03-27,73.976806640625,74.1291499332413,72.17825299046818,72.17825299046818,3225500
2023-03-28,74.21269226074219,75.49035293470381,73.5679569993763,73.78024934120492,1752200
2023-03-29,74.57633209228516,75.24464957274421,74.12915497168315,74.97929163855932,2299500
2023-03-30,75.50018310546875,76.10953380943641,74.69427152838463,75.37241928777472,1737800
2023-03-31,77.15131378173828,77.24959421045945,75.41172694859382,75.50017708494806,2984400
2023-04-03,75.30361938476562,77.2004609820458,75.16602527912386,76.65990735394146,1894900
2023-04-04,74.71392822265625,75.647611160818,73.82939675262105,75.35276233859491,1316200
2023-04-05,75.1856918334961,75.79504262356717,74.37978014253382,74.57634104342502,1204800
2023-04-06,75.63778686523438,75.65744745404407,74.85153577415184,75.29380154424092,1223000
2023-04-10,76.00142669677734,76.04074037293498,74.55668096583162,75.21516817025869,1485500
2023-04-11,76.08988189697266,76.47318089206543,75.84909592470419,76.42404441734335,1371500
2023-04-12,75.4903564453125,76.61076997229316,75.34293953253902,76.59111688336236,1171100
2023-04-13,75.81468200683594,76.2569477030372,74.86134606341203,75.37241631063468,1324700
2023-04-14,75.11688995361328,75.31836973801911,74.20286757625126,75.00877921555734,1328400
2023-04-17,73.75077056884766,75.5050993437533,73.37730188665549,75.2643133834956,1093300
2023-04-18,73.20038604736328,74.64512414512173,72.8957069601635,74.04560376173946,1235200
2023-04-19,73.46574401855469,74.10457807490103,73.22298602737878,73.68196546823957,1039300
2023-04-20,75.15620422363281,75.25448466855403,73.40678680975634,73.4559232830583,1926900
2023-04-21,75.23481750488281,75.64268090009188,74.65495024118273,75.5001754063619,1178900
2023-04-24,75.96211242675781,76.00633750022052,74.30114523908883,75.11688714176908,1094300
2023-04-25,75.60829162597656,75.81468278621328,74.53701465333859,75.323273119464,1722400
2023-04-26,74.55667877197266,75.64760888371566,74.16354952028131,75.19551286868149,3100600
2023-04-27,75.43138122558594,75.91296058274192,74.67461366434081,74.95962466263585,1865700
2023-04-28,76.07022857666016,76.13902563971699,74.98912865791672,75.57881884102065,2233400
2023-05-01,75.72624206542969,76.31593223922061,75.44122352346197,76.18816091104904,1788300
2023-05-02,75.47069549560547,76.07021587283036,74.64512337847766,75.41172873663785,2554000
2023-05-03,75.19551086425781,76.26678036078607,74.84169529699865,75.87365111957405,1607000
2023-05-04,77.23977661132812,78.98920152264816,73.62300825080301,75.65744420275703,3830400
2023-05-05,78.12430572509766,79.06781137343961,76.93509524651095,77.76066737525787,2359300
2023-05-08,77.35771179199219,78.47812527507236,76.73853828765317,78.37001454439648,2360100
2023-05-09,77.59358978271484,77.74101419456707,76.47317624994528,76.6402612491469,3158300
2023-05-10,78.08992004394531,78.74349586832322,77.3921191445679,78.4781304216918,1629400
2023-05-11,78.03763580322266,78.46175367538783,77.16966944622014,77.50502213643219,2497400
2023-05-12,78.75765228271484,79.29026599780757,77.78119756755713,78.36312276875454,1991000
2023-05-15,79.17191314697266,79.98069534871921,78.09682782240576,79.52698899408337,2048300
2023-05-16,77.91927337646484,79.09299648470021,77.25844083864483,79.09299648470021,3709100
2023-05-17,79.29026794433594,79.5269826485135,77.63324996504352,78.00804887374338,2329500
2023-05-18,80.28646087646484,80.35550298524272,78.47359946308204,79.1719143025892,2849300
2023-05-19,81.17414093017578,82.09634774398268,80.41467029819691,80.61193881787793,2407100
2023-05-22,82.38729858398438,82.81141643447454,81.18398712329025,81.59824719297202,1908300
2023-05-23,82.89034271240234,83.40322585713716,82.0273126185991,82.21964473850281,2232200
2023-05-24,82.17031860351562,83.21582294358137,81.4207208050076,82.89033553039982,2430300
2023-05-25,81.61798095703125,82.06182195222586,80.77961045220562,82.06182195222586,1863100
2023-05-26,82.70293426513672,82.80156476462807,81.18400049289085,81.81524471966513,2267100
2023-05-30,82.55498504638672,83.88158671557412,81.99771933602167,82.71279986615278,2198200
2023-05-31,82.87060546875,83.39336140478227,81.3220833252827,82.38731076187827,5214700
2023-06-01,87.66411590576172,87.94226337370695,83.63007085514494,83.71390714928712,3646900
2023-06-02,86.34245300292969,87.83179829786076,86.07614239107528,87.44713410298161,3225600
2023-06-05,86.31287384033203,87.59508545208328,85.98738640214685,86.61863066255287,1819000
2023-06-06,88.32495880126953,88.66030398846529,85.94792399487551,85.94792399487551,2311500
2023-06-07,89.56771087646484,89.63675297090396,87.91069308490212,88.32495317656074,2452100
2023-06-08,91.03733825683594,91.20303929306272,89.81429604893688,90.23841394642903,3075700
2023-06-09,92.0137939453125,92.48722333254555,90.83020542718099,91.03733924974793,2530100
2023-06-12,92.46749877929688,92.73380186477056,91.60939768161624,91.7277587890625,1720700
2023-06-13,92.96065521240234,94.02588256354757,92.3096804339167,92.67462152413053,2429900
2023-06-14,91.92501068115234,93.70038949206405,91.50089282771364,93.2368179400469,2573200
2023-06-15,92.18146514892578,92.46749884836632,91.68830515506782,92.43791045273873,3712300
2023-06-16,91.6192626953125,93.22696155993518,91.4713131927342,92.30968367397885,4963400
2023-06-20,90.73157501220703,92.08283612596985,90.63294451686491,91.85597921416098,1846900
2023-06-21,89.261962890625,89.78964771972505,87.9649496406152,89.63676179375355,2684900
2023-06-22,88.02906799316406,89.44443491367358,86.66301256211746,89.26196810511314,3205600
2023-06-23,89.12387084960938,89.45921601896335,87.9008362245772,88.41371928506683,2875900
2023-06-26,89.39018249511719,89.95238461678366,88.46304677475257,89.01538358901445,1890400
2023-06-27,89.60717010498047,89.76991380727506,88.74907652473094,89.7255312134741,1472800
2023-06-28,89.31127166748047,89.65648213409487,88.48275902258212,89.65648213409487,1605400
2023-06-29,89.62689971923828,90.09540020696875,88.90688281939225,89.27182392274219,1738700
2023-06-30,90.29759216308594,91.02746680073548,89.7945668942216,90.79075212569148,2666400
2023-07-03,90.34691619873047,90.48500040544597,89.09429303066125,89.76499097400438,1089100
2023-07-05,90.8795394897461,91.93490176632451,90.10034565563295,90.16938776624927,2087300
2023-07-06,89.75511932373047,90.21869092424154,88.62084982727185,90.21869092424154,2263300
2023-07-07,90.08061218261719,90.45541109348248,89.41977955358176,89.75512475935204,1334000
2023-07-10,92.31954956054688,92.34913795624348,90.12991797870617,90.12991797870617,1539300
2023-07-11,93.06916046142578,93.13820256388134,91.58968038735694,92.5562698217347,1260900
2023-07-12,94.74589538574219,94.84453340429769,92.79298602874158,93.64122181815374,1532600
2023-07-13,93.9666976928711,94.75575665756847,93.58203351696271,94.53876506602549,1462400
2023-07-14,93.70040130615234,94.22808612551981,93.40351651380585,93.591905502638,1259900
2023-07-17,94.86425018310547,95.59412481671804,93.17764402332605,93.17764402332605,1951400
2023-07-18,94.06533813476562,95.32782649084322,92.6055812699108,94.68671700610952,1925300
2023-07-19,93.43408966064453,94.2330063906418,92.64503071186473,93.53272014798605,1785300
2023-07-20,95.5645523071289,95.98867024411841,93.93712266402846,94.19356799279598,1600300
2023-07-21,95.27851104736328,96.80731006623613,94.9924773427021,96.24510796397779,5081100
2023-07-24,95.22920989990234,95.4856477112096,94.45001610779507,95.27852139052669,1077800
2023-07-25,96.18592834472656,96.81718010224154,94.58809467343427,94.63740616111407,854800
2023-07-26,96.00839233398438,96.89608190506084,95.34755969080382,95.34755969080382,1243000
2023-07-27,94.1146469116211,96.41277417887261,93.89765532071853,96.39305109107417,897900
2023-07-28,94.43028259277344,95.33770278770429,93.9568531671813,94.94317324969414,1135900
2023-07-31,95.32782745361328,95.36728115576719,94.09492748014446,94.528903153789,1170200
2023-08-01,94.98262023925781,95.76180642732042,94.75576332531114,94.92343592147526,1469600
2023-08-02,94.24288940429688,94.7113899509641,93.13820817345,94.67686513514455,2040300
2023-08-03,99.75640106201172,102.15710200033617,94.4500023378348,94.65712862832056,3511000
2023-08-04,102.51810455322266,103.2726387611215,100.39751502039198,100.52573391306564,2723600
2023-08-07,102.3307113647461,103.2184009683369,101.36905076294991,103.14935886167012,1759800
2023-08-08,103.3761978149414,103.49455892512142,101.55150730189024,101.55150730189024,1207300
2023-08-09,103.6720962524414,104.4512899588298,102.88106568259825,103.1888015573484,1646700
2023-08-10,104.27375030517578,105.38828918228437,103.67209451066803,104.5203303021044,1563700
2023-08-11,105.38336181640625,105.53863347346409,103.83069806188306,104.27573368792137,1414100
2023-08-14,105.8185043334961,106.41187761512109,104.54571287237025,105.2844661164884,2404000
2023-08-15,105.06688690185547,105.40807859016007,104.45373782272266,105.21523209831184,1709600
2023-08-16,103.93948364257812,105.27457542521945,103.8405893522252,105.22513205261833,1835200
2023-08-17,103.66256713867188,104.97293334269385,103.41532766280736,104.31528297662624,1800600
2023-08-18,103.61312103271484,104.37462287899254,103.35599739839414,103.37577323751482,1660800
2023-08-21,104.9383316040039,105.28051172821782,103.1285366942071,103.4450029452248,1377000
2023-08-22,105.08667755126953,105.36852665338887,104.3449590628546,104.49330426956772,1276900
2023-08-23,107.24260711669922,108.05355236870955,105.76905427542684,105.76905427542684,1393500
2023-08-24,105.73937225341797,109.03260372787123,105.66025381402669,107.69751213002927,1498700
2023-08-25,104.70097351074219,106.25363708111288,104.40428312857205,105.6404804790312,1383800
2023-08-28,104.20649719238281,106.16462961949259,104.0680436892599,105.13117041934298,1088000
2023-08-29,104.37461853027344,104.99765929614618,103.64279179089353,104.06804399319876,1131500
2023-08-30,104.57241821289062,105.09458792318657,103.92959399522043,104.17683349854352,1167400
2023-08-31,103.0098648071289,104.91854642791591,102.62416426092143,104.78009291703137,2035500
2023-09-01,106.10530090332031,106.22397857529961,104.0383748342962,104.4636270607839,1338800
2023-09-05,104.87899780273438,105.55148953738885,103.98992251790816,105.37347679747587,1433200
2023-09-06,105.46247100830078,106.59977411479609,104.81964685722517,105.1558964703886,1337800
2023-09-07,107.34149169921875,109.72982594043027,105.99650834749943,106.66900002335909,1951100
2023-09-08,107.44039154052734,108.44913287909418,107.03492270278412,107.03492270278412,1428100
2023-09-11,108.7656021118164,109.17799740896741,107.45028618574754,107.59863139198437,1820700
2023-09-12,107.30193328857422,108.8793223630358,106.95579952893141,108.33045042090575,1557100
2023-09-13,108.06343078613281,108.8743759951433,107.31182818422573,107.57884350816504,1894600
2023-09-14,111.21820831298828,111.37644520404459,108.31561919217029,108.54802491019032,2308300
2023-09-15,108.71614837646484,111.43578275475386,108.58758655847261,111.21821079726668,4287700
2023-09-18,109.51720428466797,111.0105329429119,109.19085388649991,109.21062972617806,1358500
2023-09-19,109.31941986083984,110.15014097159509,109.08207204993133,109.86334224188649,1972100
2023-09-20,108.91394805908203,109.95235703659137,108.69638362455308,109.70511752243688,924500
2023-09-21,108.72604370117188,109.4183112752592,108.30079146418947,108.4194615939469,1443800
2023-09-22,109.14140319824219,109.51720451411882,107.41566880812398,108.25133950784955,1210500
2023-09-25,110.97097778320312,111.67313706733071,108.28596039837339,108.50847444236825,2115200
2023-09-26,107.29205322265625,110.48144132056069,106.73823914721821,110.42705587293457,2309700
2023-09-27,109.52709197998047,110.06113017360789,107.77663974404916,107.77663974404916,2819500
2023-09-28,108.11288452148438,109.7545583664155,107.6332393044503,109.54687055386115,1550700
2023-09-29,107.87553405761719,109.48753278582818,107.44039014895766,108.8249327759332,2867500
2023-10-02,103.57357025146484,107.10414985938677,101.625321867164,107.10414985938677,2892500
2023-10-03,103.73179626464844,103.7614637952073,101.27423521468666,102.07034664700033,2557000
2023-10-04,104.98778533935547,105.422921730467,103.0741464706752,103.48456494780429,1973900
2023-10-05,106.68878173828125,107.30193838818217,105.43280845212908,105.7987256126563,1589200
2023-10-06,108.95349884033203,109.35897523378411,103.96914971596246,105.3734757818069,2095800
2023-10-09,110.15013122558594,110.2559519571707,108.7557044715816,108.95349303898001,1258400
2023-10-10,111.75225830078125,112.23684562678837,109.7347829977207,109.7347829977207,1464400
2023-10-11,113.79939270019531,113.90620185050035,112.05882456962043,112.65220538458152,1353300
2023-10-12,114.44221496582031,114.8773588774494,113.1961258385236,113.64116144227619,1299700
2023-10-13,112.43463134765625,116.09377273150368,111.74235625804299,115.48061608844341,1699400
2023-10-16,115.53997039794922,115.82676913688839,113.34448232721917,113.50271169120047,1701700
2023-10-17,115.85643005371094,116.68715114375463,114.43232813346383,114.76857777358914,1214600
2023-10-18,114.78834533691406,117.33490895984396,114.53121416537594,116.03443442728322,1050700
2023-10-19,113.02800750732422,115.32238970019334,112.8499947705865,114.71912473375723,981000
2023-10-20,110.86219024658203,113.52248967996512,110.68417750484727,112.84999793842834,1654400
2023-10-23,110.87207794189453,111.78191745789117,109.1799723142473,110.59517091921299,950800
2023-10-24,113.00821685791016,114.02684984135217,112.00937480306759,112.00937480306759,1930900
2023-10-25,110.79296875,113.00823266167423,110.43694324962274,112.96868097954442,1575000
2023-10-26,111.47533416748047,111.78190869783093,109.91277889605892,110.76328328201495,1652700
2023-10-27,109.55677032470703,112.1082838754998,108.67956351820159,111.75225837794028,1128700
2023-10-30,111.78192138671875,111.97971751355077,110.27375892965921,110.6248423390668,1271600
2023-10-31,111.67313385009766,112.25662298469847,109.94245737642927,111.87092997417871,1942000
2023-11-01,113.58182525634766,114.10597179127112,111.58413340802888,112.33573605859986,2751300
2023-11-02,115.89599609375,116.59815540261896,113.11701884734762,113.64117295086916,1894600
2023-11-03,115.77730560302734,117.35963679620735,115.55973364924941,117.33986095729585,1853200
2023-11-06,123.35272979736328,124.23685543789601,116.75637446307374,117.67610566862443,2530800
2023-11-07,118.5464096069336,123.59404804361182,117.34977121696743,123.06594780091801,2271500
2023-11-08,119.84192657470703,120.13861698245093,117.65138075739749,119.09031640819953,1730200
2023-11-09,119.2979965209961,122.98187097424952,119.18921054130765,120.24739526133581,1603200
2023-11-10,120.42540740966797,121.36986407183615,120.03576075023639,120.10894116443079,1219700
2023-11-13,120.37596130371094,120.88626245236064,119.57490778915677,120.03971168163926,891600
2023-11-14,125.12295532226562,125.31085974542385,122.01762799245769,122.68023554696025,1433300
2023-11-15,120.64297485351562,125.83500394665708,120.34629200385477,125.1822956412831,1982200
2023-11-16,120.60530853271484,122.74641079309926,120.44671256674147,121.92367200437937,1474500
2023-11-17,120.6251449584961,122.4391256587985,120.53592857766941,121.13067672019314,1487900
2023-11-20,121.20997619628906,121.77498805539315,120.41698120880292,121.37848678033367,1041600
2023-11-21,121.43795776367188,122.10209300098616,120.78372957458099,121.82454439808659,984700
2023-11-22,122.1714859008789,122.75631940413388,120.9076414307571,121.82455013092829,1376700
2023-11-24,122.77615356445312,123.21230572857893,121.97324395561508,121.99306561642402,532500
2023-11-27,124.00530242919922,124.28285106013465,122.29044514693409,122.84554240880493,1073200
2023-11-28,123.36097717285156,125.39304134218494,122.67702027175687,123.88634567495959,2003000
2023-11-29,119.52484893798828,122.85544737293031,118.71202477009363,122.46886072982387,2078800
2023-11-30,119.98082733154297,120.7936515305884,119.46041988814552,119.53476056750259,2650000
2023-12-01,118.83098602294922,119.88171562391689,118.60300287554593,119.56451608993108,1454900
2023-12-04,117.87937927246094,118.50387124746965,117.01699711669906,117.95868104113393,1946900
2023-12-05,117.27471923828125,117.89921122775992,114.8709438754179,117.66626700353106,1805900
2023-12-06,111.64442443847656,118.62282157447176,111.23801609069409,118.29570743622982,2629800
2023-12-07,109.56278991699219,112.4473291679696,108.4922387993532,112.26890398169644,3497000
2023-12-08,110.23684692382812,110.63334820375457,108.69050025101123,109.02752142323732,2627300
2023-12-11,115.13362884521484,115.28231778003943,109.70157835637221,110.57388274060536,2582900
2023-12-12,113.4881362915039,115.38142618553171,112.85373731068354,115.14352845838216,1846200
2023-12-13,115.41117858886719,115.72837812361716,112.53655355121424,113.58727559207975,1731100
2023-12-14,114.58843994140625,116.77910041462718,114.36045679296538,115.61934032221023,2456400
2023-12-15,117.71086883544922,119.81232033215414,114.59834625609514,114.65781880135893,5714900
2023-12-18,118.3155288696289,120.47645286195382,117.86946966513209,118.52369033590294,2019800
2023-12-19,119.75283813476562,119.99074343693559,118.21144500829932,118.7219378465941,1012700
2023-12-20,115.98609924316406,119.07383913525271,115.97618463121388,118.78142236510338,1324300
2023-12-21,117.27471923828125,117.39367189404697,115.78784507305865,116.46189499713155,904600
2023-12-22,114.32079315185547,116.94760552922706,113.02225131758715,113.99367904044671,1188400
2023-12-26,116.54119110107422,116.8088251102426,114.57851397085284,114.57851397085284,740700
2023-12-27,116.39250946044922,116.7295382084985,115.85723384599439,116.2537351414387,541300
2023-12-28,116.08522033691406,117.74060505550251,115.92661679943754,117.67121789851475,559700
2023-12-29,115.86714172363281,116.24381377296358,114.91554320745554,115.70854575225297,849900
2024-01-02,114.24150085449219,116.20417812297832,113.96395221428133,115.38143925190097,1362800
2024-01-03,114.83625030517578,116.14073649138729,114.48931450103265,114.48931450103265,1372400
2024-01-04,114.35053253173828,116.08422829417302,113.99368213916159,115.19309301763161,1348900
2024-01-05,115.22283935546875,116.6324007980721,114.1027301469733,114.1027301469733,1729900
2024-01-08,116.00592041015625,116.13478767706036,114.02342153601838,115.1732745130822,1351700
2024-01-09,115.47064208984375,115.90679425193491,114.1621931662031,115.42108415673611,1514000
2024-01-10,114.83625030517578,115.41117681640345,113.95899240120197,115.00476090109768,1090500
2024-01-11,111.9219741821289,114.2811450484033,110.50448722751614,113.9936818128376,1609300
2024-01-12,111.9219741821289,113.41875534170619,111.75345603532638,112.94295986138785,1556900
2024-01-16,110.83159637451172,111.847628553029,110.32606461018771,111.38670119803363,1417000
2024-01-17,110.94062805175781,111.01992981665866,108.48233384089174,110.25667112672745,1484500
2024-01-18,110.43509674072266,110.92080681799949,109.28524383314027,110.3954458581199,1614900
2024-01-19,113.44849395751953,113.60709749599063,110.4747456748833,110.4747456748833,1684200
2024-01-22,116.18434143066406,116.34789848941112,113.32954587717775,113.45840557681204,1876700
2024-01-23,117.65139770507812,119.50502930599912,116.13478728154894,116.69979915624869,1929400
2024-01-24,114.65782165527344,118.47413051156047,114.33070752291461,118.09745844445925,1514600
2024-01-25,119.4951171875,119.53476050804892,116.01582970529931,116.86830478712209,1425800
2024-01-26,120.20880889892578,121.33884014893823,119.01931266883096,119.01931266883096,1558800
2024-01-29,119.95108795166016,120.67667716380832,118.95487749829303,120.03038215337546,1801500
2024-01-30,120.81346893310547,121.23970645920717,119.64379438910304,120.26828632422439,1285500
2024-01-31,120.93241882324219,123.09334267521197,120.30297337822353,121.70559209422208,1666100
2024-02-01,126.5131607055664,126.5825478624356,120.93242919556482,120.93242919556482,1937400
2024-02-02,128.57496643066406,131.90556502230515,125.3236620434847,125.89858851097064,3781700
2024-02-05,125.91841125488281,127.29624732881588,124.74873664938933,126.78080096353207,1878000
2024-02-06,129.86358642578125,130.34434301932237,126.07702135032937,126.64203324052994,2656900
2024-02-07,131.3405303955078,132.62915749236555,129.66531668211914,130.8052624361818,2087600
2024-02-08,129.5761260986328,132.79768673119085,129.0309358896083,131.39011436215125,1228700
2024-02-09,131.013427734375,131.35044889092558,128.86241841131033,128.88224763383243,1245300
2024-02-12,127.38545227050781,131.0332578509474,126.84026964955042,130.66650042074377,1206900
2024-02-13,126.79071807861328,127.68283651450248,125.62104345002487,126.79071807861328,1503700
2024-02-14,127.54405975341797,128.30236494696072,126.57263956681612,127.17730231184972,1372300
2024-02-15,130.3492889404297,130.46823402181155,127.70265500283068,128.78311315942167,1348900
2024-02-16,130.0122833251953,131.49915752115976,129.34814799936316,130.11139919643307,1295700
2024-02-20,130.6466827392578,130.90440215551007,128.25776789438936,129.85368014082542,2121200
2024-02-21,130.2501678466797,131.42083317067318,129.00119902153224,131.1323792262059,983400
2024-02-22,132.22274780273438,132.88688304020425,130.49796851979917,131.24140551886813,1529900
2024-02-23,132.81752014160156,132.97610855946309,130.20062218105676,132.32189541327665,2052200
2024-02-26,132.05426025390625,134.0169300385499,131.76678942733326,133.5014760609228,1494700
2024-02-27,154.39698791503906,155.2990284220781,133.8186575733058,133.8186575733058,4888300
2024-02-28,169.33514404296875,169.48382540920713,155.13053771979224,157.09320738046975,8227500
2024-02-29,166.97596740722656,169.8069786293055,161.94041836871,169.68207418004823,4536900
2024-03-01,168.5024871826172,168.8196791183853,163.60571283608874,165.5782894178031,4554500
2024-03-04,174.44996643066406,175.4858201144103,168.13569822470473,171.44648231886984,3818200
2024-03-05,175.22314453125,183.95604852071904,173.88495191442016,175.83771426254992,4323800
2024-03-06,178.40504455566406,179.22778328866616,173.47853433080815,175.22314277679385,2073600
2024-03-07,178.35838317871094,180.81158186276323,175.01131293540408,180.51361962468206,1967800
2024-03-08,169.40969848632812,178.60670153508974,167.3140512338415,178.35840216941594,3196900
2024-03-11,166.7677764892578,169.79703154335607,165.26803873928375,169.15144415035743,2601700
2024-03-12,167.2246551513672,167.909963838568,163.08302347110038,165.4369118082236,2617000
2024-03-13,166.71812438964844,170.1446525575834,165.30778583071543,170.07513661675077,1639000
2024-03-14,163.52001953125,167.24450978583843,162.1593439411704,166.70818985737313,3012300
2024-03-15,164.39404296875,167.24451474519088,161.56342422932974,163.0631468938528,4530900
2024-03-18,167.6914520263672,169.91621974635692,165.05948487402753,166.5492810330855,2006800
2024-03-19,171.2371826171875,172.8262895056788,167.11540394721388,167.85037554444784,1922200
2024-03-20,174.51473999023438,175.5675269190375,171.47654312906363,171.74371046895928,1969200
2024-03-21,172.9454803466797,176.60043976285593,171.19744309982087,176.25282974125793,2212100
2024-03-22,177.0275115966797,177.15661695442802,173.02988293334778,173.80954653643732,1608100
2024-03-25,185.9861297607422,187.76396149883146,178.31864502878912,178.77552247664673,3570600
2024-03-26,184.14874267578125,197.47745062417337,183.22506116751848,188.60818952306948,4228700
2024-03-27,183.63226318359375,188.82668124329922,181.0996068308155,186.80056525407022,2452100
2024-03-28,183.59254455566406,185.55907115466604,182.08785110820983,183.77131281239627,2050800
2024-04-01,184.71484375,187.52559414275353,182.1523927012531,184.7645066497992,1977500
2024-04-02,186.8502197265625,187.0885773880803,182.86748870883133,183.42864762863556,1875500
2024-04-03,188.9657440185547,191.89568866093956,185.5988052222627,187.19785374527987,2555800
2024-04-04,181.86436462402344,194.17007899887813,181.715391085764,192.12409491350908,3747800
2024-04-05,191.7665557861328,193.52451942730562,180.1858704664128,181.07975721929253,4330700
2024-04-08,190.6740264892578,196.2955272300432,186.83035752421023,193.53941059549174,1663500
2024-04-09,186.8204345703125,193.5145752599872,183.79117950874382,191.28982281213825,1958600
2024-04-10,189.78016662597656,192.5114595567924,181.25853086323235,182.25172829261993,3861900
2024-04-11,191.5679168701172,192.95838715003728,188.70750354572226,190.2668307178371,2267300
2024-04-12,190.3661346435547,191.9353882783489,189.0551220194792,190.654170362435,1801400
2024-04-15,184.1387939453125,194.66669256436057,183.5230164000628,192.76968187207154,2531500
2024-04-16,185.3802947998047,186.9942406283631,181.86438255532542,183.77131980800792,2982700
2024-04-17,184.1387939453125,187.7540319153082,181.387648028317,186.64165566453715,3282900
2024-04-18,182.60928344726562,186.98730252764818,181.84451716869145,184.8638458982623,1654200
2024-04-19,179.66940307617188,184.69499463576682,176.44151153554697,182.05308592224247,3413600
2024-04-22,181.9736328125,182.5993520377548,176.99771918568254,180.36465783897614,2327500
2024-04-23,186.96942138671875,188.45921757306712,182.71853748073735,182.71853748073735,2387300
2024-04-24,184.8936309814453,193.0477731204369,182.39772543892175,185.4597456168919,2266400
2024-04-25,186.7310333251953,189.23290988340804,184.14375840246026,184.33743916529878,2908900
2024-04-26,187.0885772705078,188.09171627872695,184.36722626996553,185.64347332850974,1826600
2024-04-29,187.32696533203125,189.12465023109564,184.87376650088012,187.14818191646674,2205500
2024-04-30,184.67510986328125,188.11156406196247,184.4466787258516,187.32694485688418,2173200
2024-05-01,183.30450439453125,186.9247130557677,182.6688586831952,184.98301037657197,2717000
2024-05-02,184.91348266601562,185.9066800553185,182.3510467380049,183.74151702103316,3071000
2024-05-03,193.53445434570312,195.9280638204878,186.7211192806459,188.042073698411,3480200
2024-05-06,196.35513305664062,197.55690864069905,192.79948436301018,196.40479596019503,2708000
2024-05-07,199.1956787109375,203.6849354410397,196.00752337420946,197.3483308425098,2797300
2024-05-08,206.5850830078125,206.85325058011443,196.76236019599645,197.18942785281865,3992100
2024-05-09,214.44125366210938,214.48097488980113,201.61907162733135,204.03253402808124,4313500
2024-05-10,213.4678955078125,219.01988011708727,210.4187875760892,219.01988011708727,2744700
2024-05-13,212.1370391845703,217.18745487354744,211.14384173702237,215.52384611790654,1919300
2024-05-14,216.25880432128906,216.4276460583399,209.3362173272582,213.1103704257167,1951000
2024-05-15,221.79090881347656,223.19132078369083,218.26505501495424,218.64247487628592,2682200
2024-05-16,214.8683319091797,223.27078897361446,214.76902125753747,222.20806043160968,3539800
2024-05-17,211.66029357910156,216.2309928780376,208.48206500429356,214.88818505374815,3057300
2024-05-20,213.60696411132812,213.7758058444209,209.71361711240564,212.49457275949783,2326200
2024-05-21,221.0758056640625,221.15526327467393,214.03403973413688,214.46110734181,1881100
2024-05-22,218.6126708984375,222.87845172899225,216.37797684474828,220.589139095052,1573700
2024-05-23,219.65553283691406,226.4986620742036,219.2383917622957,222.25770508310003,2658300
2024-05-24,229.06112670898438,234.69255428353793,220.1322764128988,221.79091429210678,2670600
2024-05-28,229.69677734375,233.1828949198307,220.3110645196941,231.15677880026874,2602200
2024-05-29,219.57354736328125,227.67053249077054,217.73331726142405,225.58162346586002,3809400
2024-05-30,223.77125549316406,224.09949832463624,218.8374588337947,221.15514828736787,2040800
2024-05-31,216.1019744873047,223.29376437110662,206.9008547450374,222.87598562040404,5618300
2024-06-03,207.15948486328125,216.05224559163804,202.97174029343216,214.36123194832672,4922600
2024-06-04,202.06654357910156,207.39822025612142,195.7998317299759,205.8962050363886,4666700
2024-06-05,208.2238311767578,211.7252345540048,203.36961389317608,203.409411019391,4502200
2024-06-06,201.52940368652344,208.7012952697074,195.17317107172713,208.3929358361161,4842100
2024-06-07,196.95370483398438,202.9219989198627,196.476245556998,201.01214663376044,4558700
2024-06-10,213.49583435058594,213.6350939406786,197.08501373120126,198.4756212935663,5719600
2024-06-11,217.15638732910156,218.39978198439454,209.33792112949308,210.04417597208874,3701900
2024-06-12,216.9773406982422,220.59810524245725,211.02892987847977,220.10074739199825,3137900
2024-06-13,218.76780700683594,219.19554263169073,212.9885114721774,219.14580381324393,2238200
2024-06-14,213.764404296875,217.7134269590639,209.8452370704898,217.64380475060867,2373800
2024-06-17,210.8996124267578,213.58534159600146,207.60710611521253,212.7398272380192,3321100
2024-06-18,219.2452850341797,220.03110373712204,208.00997333386658,211.66554128804052,2714700
2024-06-20,221.13523864746094,226.56639289579618,218.13119306768002,222.6372690264297,3075100
2024-06-21,216.9773406982422,223.39325393353155,214.59997078017457,221.82160130470234,5513400
2024-06-24,214.9580841064453,219.68298401698263,214.21303385874361,216.84803799939698,2474100
2024-06-25,221.19493103027344,221.28446698097127,213.04820680963417,215.35595457839162,2305100
2024-06-26,209.1986541748047,221.02582311269936,206.3537666964623,219.4044468603907,4237000
2024-06-27,203.6978759765625,206.82128260832263,200.19647252894606,206.4930246121564,4733600
2024-06-28,199.2117156982422,206.20456579213342,198.38609985328452,204.16539558983138,10579100
2024-07-01,203.96646118164062,212.46132674205617,202.06655051591832,207.08986793163928,4168400
2024-07-02,205.06063842773438,210.68079132031554,202.0267676417036,202.384865905971,1905300
2024-07-03,208.9599151611328,211.3074294261412,200.94249460704793,204.225059150698,1612700
2024-07-05,210.17347717285156,211.63571049113804,206.9705065279201,208.89030057627224,1601600
2024-07-08,214.5900115966797,215.2863095441874,210.13368955447348,210.71062647616753,1634400
2024-07-09,214.81881713867188,221.19493347440755,213.9235638689034,215.8930967773419,1773200
2024-07-10,218.38983154296875,218.79766861632538,212.61053584518083,217.02706073421086,2584300
2024-07-11,215.69415283203125,219.377588053128,214.0528779671966,218.39978080154773,2438200
2024-07-12,215.99256896972656,219.97143181539025,211.18511534339416,215.11721428667025,1760700
2024-07-15,211.75509643554688,218.4893112212279,210.5196550868767,215.85332052114987,2164300
2024-07-16,203.79736328125,213.87382328828306,202.98168909848786,213.00842546162943,4049600
2024-07-17,185.68357849121094,201.98696825920302,184.78834042961188,201.06188994076115,6748700
2024-07-18,186.2903594970703,191.82097649164797,177.12903618270303,189.36402744016254,5484900
2024-07-19,188.2996826171875,188.93630004985096,185.41499801749617,187.0264477518606,2827000
2024-07-22,189.41375732421875,195.77994676160233,187.61332437800723,191.22414714121692,1868800
2024-07-23,188.86666870117188,191.1465645359599,187.30497291505273,188.66772859301213,1856600
2024-07-24,174.1548309326172,187.29501715845709,173.77683410015405,187.29501715845709,4910100
2024-07-25,169.52938842773438,175.90551966846147,164.99348729200537,175.7662600784402,5542000
2024-07-26,174.1150360107422,176.1343229217389,170.53406846269576,175.6071096169676,3469300
2024-07-29,171.7675018310547,176.21388227712953,170.2237162816677,175.1197041010251,2100100
2024-07-30,167.798583984375,174.1050775083981,164.87411757001277,172.55332353624416,3517100
2024-07-31,188.7970428466797,195.46163499932027,182.03297305280208,192.25864923189818,7483700
2024-08-01,176.6316680908203,193.24341667679514,175.6866760656289,187.29700958271627,4482100
2024-08-02,166.1970977783203,174.40350214535866,160.5849136069005,173.54804605269868,6099200
2024-08-05,169.07183837890625,171.84708866168276,154.7777778122769,155.41439528943238,5430800
2024-08-06,180.08331298828125,182.85857812674737,167.50016619949412,172.722423315325,6322100
2024-08-07,178.71063232421875,189.08551013915752,175.96520718572484,189.08551013915752,6154900
2024-08-08,186.0416717529297,186.63850723006473,175.487737818627,182.2816477101863,3338800
2024-08-09,188.86666870117188,189.09546424480504,182.1026139547967,186.09141852367378,3204000
2024-08-12,186.6871795654297,190.1751693273061,183.06963103205504,189.34801564471826,2232300
2024-08-13,188.76004028320312,190.19510133379393,186.42807367920722,188.69027319020827,2349000
2024-08-14,185.51123046875,189.2384023395295,181.58476313464487,188.31160088227537,2327900
2024-08-15,189.73667907714844,191.91916655934475,184.85349943327168,185.76036522558334,4241900
2024-08-16,189.3280792236328,190.70334861861076,185.1923260344496,190.56382963697737,2572300
2024-08-19,192.11846923828125,192.21813216827175,184.92324363809846,188.95934899986298,2025100
2024-08-20,190.0655517578125,192.83601106198194,188.9882674999247,192.33772679567193,2507000
2024-08-21,196.0648956298828,196.65286740573274,190.32465123630618,190.82293549511368,2404200
2024-08-22,194.28102111816406,198.12578399700678,194.04185441632953,194.89890391290226,1520300
2024-08-23,194.32089233398438,196.65285891497462,191.85936698524085,194.34081275484783,2683300
2024-08-26,194.2212371826172,197.31060566013818,192.41745060440107,194.82914458471924,1953400
2024-08-27,195.46693420410156,197.619525694955,192.90576120766218,194.22122364778747,1703200
2024-08-28,193.10508728027344,196.77245215191937,191.74975347848496,196.51334980982335,2493200
2024-08-29,193.7727813720703,198.42675443747234,191.6500856032146,195.23773828206532,2463800
2024-08-30,196.0250244140625,197.13121607710073,194.48034017015453,194.58996331537196,2239400
2024-09-03,177.16995239257812,195.12812159601805,176.57200519083983,194.8291479951489,4252300
2024-09-04,176.91085815429688,182.12290755737237,175.39606965853648,177.07029756982715,3310400
2024-09-05,175.4658203125,179.1331850352771,174.50910787683782,177.35929434991215,2444900
2024-09-06,172.51597595214844,176.03386158771627,171.34999261631475,175.20670789687452,3390300
2024-09-09,174.3197479248047,175.74484868683422,170.45305755092514,175.74484868683422,2184400
2024-09-10,179.6314697265625,180.5831944561265,173.26339770484608,176.2431429543748,2301800
2024-09-11,186.60745239257812,187.50435796369598,178.530268924654,180.90707933261632,2846900
2024-09-12,189.27825927734375,191.0222542571192,183.5579654757951,186.35832069600582,2154900
2024-09-13,195.3074951171875,197.13121734126617,188.5308261112629,190.7930409190233,2613600
2024-09-16,198.56626892089844,198.84530687777365,192.02878214880226,194.33085289623685,2264000
2024-09-17,200.5394744873047,203.99756839002634,197.56970462265568,199.31369949322135,2881700
2024-09-18,199.64256286621094,204.249699985107,197.73911344424695,201.266974333863,1796000
2024-09-19,207.7845458984375,207.92406488934475,201.77523866522728,204.40617906978486,3432600
2024-09-20,254.10504150390625,254.36415905584224,232.20046930142598,234.35306099256158,15031400
2024-09-23,256.2377014160156,270.9171671465946,251.2448984410723,258.6693311177448,10270000
2024-09-24,252.6201629638672,258.5497426953252,250.22639731804395,253.20813474893242,4562700
2024-09-25,261.9579772949219,266.1734729339093,252.37100854441567,253.56688768479216,6246200
2024-09-26,255.88888549804688,269.193081196084,253.6266859277911,262.924656749302,4072200
2024-09-27,256.11810302734375,261.4995668138294,254.46379567731304,256.29747805722667,2598100
2024-09-30,259.1277160644531,260.22394743628803,250.4127298808623,256.86551664341835,2899300
2024-10-01,264.69854736328125,265.0872236803827,253.08854550988872,258.21090704342544,3179800
2024-10-02,264.4693603515625,268.79446410576924,260.7521488001718,264.00097192772967,3233600
2024-10-03,276.418212890625,278.55088417841495,267.0803704755052,271.21612386111764,4274200
2024-10-04,284.54022216796875,285.0185859881857,274.65427985300477,276.9563506144962,3829200
2024-10-07,277.6041259765625,287.7621421425393,273.05977593419,284.0220297125699,3477000
2024-10-08,278.4312744140625,280.4343563219242,272.1628503351215,277.93299018804174,2599100
2024-10-09,261.3799743652344,275.10271110518596,256.6163783448996,275.10271110518596,5235800
2024-10-10,261.4098815917969,266.8411920983499,258.141138118435,260.1641709630331,2733500
2024-10-11,265.30645751953125,265.98411677549825,248.19537882922936,255.51020290682735,4477700
2024-10-14,270.8075256347656,271.8838366903875,264.2999342776959,266.6518518494509,2229300
2024-10-15,265.2367248535156,268.87419413414756,261.43980094851514,268.87419413414756,3000900
2024-10-16,278.83984375,279.2783363066977,263.21365755105313,267.29959433145166,2469300
2024-10-17,270.2693786621094,284.02201125234365,269.6116398286139,284.02201125234365,3209900
2024-10-18,269.23297119140625,271.6446501235278,264.090673669654,266.86113310522126,1708800
2024-10-21,272.7807312011719,273.1793525188411,267.090333578337,272.1429127626155,1650900
2024-10-22,265.08721923828125,270.4935911497087,264.93774004684605,269.4422186882816,2134100
2024-10-23,265.1370544433594,267.0066241263088,261.70885614814966,264.0906696156861,2633700
2024-10-24,263.5923767089844,266.8810406993786,261.6690067413469,266.87109569480225,1553700
2024-10-25,263.502685546875,268.81438236722505,262.1872078037648,268.07693139587127,2016200
2024-10-28,266.0638732910156,270.2594182268405,264.1006320984188,265.9741857741385,1542500
2024-10-29,264.0906677246094,266.31302655635506,260.8020036501634,265.3662742616327,1829700
2024-10-30,260.8817138671875,267.08037146623917,260.5329087920293,265.96421955601977,1831000
2024-10-31,262.0576477050781,263.2834379248942,258.4600499707404,260.84183290250803,2290900
2024-11-01,257.21435546875,263.86145083741627,255.93874890837824,261.82847284026275,2804500
2024-11-04,225.1746368408203,234.68987647860328,223.90899065936367,231.70216318915516,10719400
2024-11-05,232.94789123535156,236.04721993662235,226.22105373443765,229.55956435449977,6347400
2024-11-06,234.1836395263672,241.16957930378652,232.95784931102924,238.0004987425994,4790100
2024-11-07,240.760986328125,247.49779928988076,237.57894983997724,241.68780296380626,4154900
2024-11-08,238.54859924316406,247.14899034585315,236.0173219199666,242.41528992592248,5162100
2024-11-11,236.45582580566406,243.07304041668374,233.48604055681727,241.15963061178485,3382100
2024-11-12,227.9152069091797,235.17022418168767,224.91554127745576,234.632083896682,4460000
2024-11-13,225.1846160888672,231.97124487375623,224.83581104502272,230.20731444037435,2979500
2024-11-14,224.6066131591797,230.74546355581978,224.34749561733872,227.416928418873,2513200
2024-11-15,223.8610076904297,227.32452639107865,221.24590714526354,224.42995014934286,2717400
2024-11-18,229.84979248046875,231.60649898692796,220.7667868979096,225.56781370772578,3295000
2024-11-19,234.1417694091797,234.45118784346695,225.67761565041954,225.88221927545476,2197500
2024-11-20,234.98019409179688,241.0288705576436,231.70632290084168,237.69511389360605,2567600
2024-11-21,251.3695068359375,251.71885905524206,233.67263442868426,236.8666531169506,3586400
2024-11-22,249.42315673828125,252.75691331968005,244.5722355451778,250.74069803456544,2471600
2024-11-25,248.46495056152344,255.13247914404877,242.54603608609014,253.026420361415,3459600
2024-11-26,266.2317199707031,266.63096661957115,248.73445458533405,249.0838068258061,3881600
2024-11-27,252.9166259765625,265.50306907066516,250.38137780781383,264.50493723205363,2298200
2024-11-29,256.0806884765625,260.3017916968151,254.7232286389359,257.4980490147623,1185700
2024-12-02,249.11373901367188,257.9571874611246,249.0438624764232,256.5198752176126,1908400
2024-12-03,247.04759216308594,253.70512932902298,246.11933691529748,251.00119069401248,1784600
2024-12-04,253.72509765625,257.17864034667724,250.5310789782806,252.20793307285862,2701200
2024-12-05,255.611572265625,259.2747294209767,252.6271678929565,253.24600474315585,2118200
2024-12-06,253.1561737060547,258.08694724265894,249.95216392168857,255.9709126970196,1329700
2024-12-09,239.40191650390625,253.5254752745278,235.88848833011087,253.3158608967954,3262400
2024-12-10,231.90594482421875,239.05257235446783,230.27900030424422,237.43560366985258,2771500
2024-12-11,236.15798950195312,239.00066082110453,231.68634808105213,234.3314064839557,2386700
2024-12-12,238.57347106933594,247.66645252781612,238.47365179556232,242.50611286360373,2822000
2024-12-13,238.62338256835938,242.9652468663026,236.05817646913152,241.5379256679553,2004800
2024-12-16,238.8529510498047,243.24472502963667,236.80478257586674,239.60154992570446,1974400
2024-12-17,233.80239868164062,237.6352211443849,228.43244471552697,237.21600761536126,2506500
2024-12-18,225.33822631835938,236.5472572306907,224.35008559850388,233.88224719214205,3173700
2024-12-19,224.7493438720703,233.35323543188082,224.5596963862267,228.43245278682966,3626800
2024-12-20,226.59588623046875,231.26713575898177,219.2296686490477,221.40560389980453,4985400
2024-12-23,227.85353088378906,228.9315150781235,221.28582167385025,226.5759233713074,1935200
2024-12-24,229.36070251464844,229.68011200521426,226.73163587002887,228.81672250441864,978400
2024-12-26,228.21286010742188,229.79988605563298,226.8943288180562,228.1429987993429,920500
2024-12-27,226.1167755126953,227.75371108619342,222.32388678576564,227.75371108619342,1466000
2024-12-30,225.89720153808594,228.5721875137371,221.83479770710946,223.1024293870579,1587100
2024-12-31,223.2920684814453,226.6058580902399,222.46361727167607,225.92713578649588,1885700
2025-01-02,242.14678955078125,243.2646923336187,224.71740582256115,225.9570899494254,4552500
2025-01-03,251.928466796875,253.70415026038447,243.89351778159127,250.0320224195386,4576600
2025-01-06,263.7862854003906,267.31968069577357,251.04013734855602,257.39824762100255,4116000
2025-01-07,255.15243530273438,264.9840395630048,249.09376800430888,263.0077276456327,3112400
2025-01-08,243.38446044921875,255.5117712559807,227.62396564049632,255.03265701438073,8414200
2025-01-10,304.6198425292969,309.42085398820416,279.60666238245045,281.96223877883796,14707200
2025-01-13,278.71832275390625,299.89868142712515,278.3390277844182,296.9392242033417,6920600
2025-01-14,288.330322265625,293.8499897877446,280.87427665446285,283.3646105705831,4852400
2025-01-15,300.2080993652344,304.5380079128017,292.47257768732254,296.5349815435489,4140700
2025-01-16,314.65106201171875,319.9112361447577,301.90492976484717,301.90492976484717,5269100
2025-01-17,315.7689514160156,319.5618704097044,310.45891356175406,319.5618704097044,2820000
2025-01-21,323.035400390625,329.7228653816689,317.735292344545,325.3909768906018,4032300
2025-01-22,331.848876953125,335.8194420400241,318.4040405431169,328.385358428481,4576600
2025-01-23,345.5732116699219,351.3424125669451,332.3779073431611,332.5076693578566,4853500
2025-01-24,346.7909240722656,349.3461391100539,341.31119009474907,347.10034250148925,3226600
2025-01-27,274.4862365722656,302.1045560329306,269.9347581408579,291.9136087362231,16083200
2025-01-28,278.2791442871094,283.8387459360432,258.60597428647674,281.0240068419737,9989300
2025-01-29,291.3446960449219,293.64038692443546,275.54425311787867,278.5087056838254,6638500
2025-01-30,307.97357177734375,310.10958856881854,298.23182558252427,300.43768845384125,6023100
2025-01-31,299.4195861816406,311.4171193657618,297.3883843279455,311.4171193657618,4726000
2025-02-03,305.7377624511719,308.0733873089722,283.4893951374726,284.86682195476766,3723500
2025-02-04,305.7576904296875,306.5162803191128,292.95167327650097,297.6698318989167,2996300
2025-02-05,313.2436828613281,317.77520966782004,302.284215420556,309.9498601742187,3578600
2025-02-06,311.2174987792969,315.98856780592115,305.2985842167934,314.73593792050974,2480100
2025-02-07,309.2112731933594,319.012904773967,308.7271634084106,313.89251398933845,2298000
2025-02-10,321.228759765625,321.3984555827124,311.99107508412214,312.0459650253161,2729800
2025-02-11,312.9941711425781,318.5637639060964,308.8619211359817,316.7172138972516,2642900
2025-02-12,313.2137451171875,316.8369684070797,303.22246656145154,304.8593868659167,1766400
2025-02-13,310.9080810546875,317.14442519731205,304.52004328942746,315.7689783037169,2707200
2025-02-14,316.70721435546875,317.595566296491,305.6479271906427,310.603648022515,2193000
2025-02-18,324.9917297363281,328.954314317366,315.22500613063437,323.2350079692485,3253000
2025-02-19,321.0640869140625,329.2717169946209,317.53568720360875,323.2050687455354,3079100
2025-02-20,308.8419494628906,321.39843388080277,303.6117182107768,316.89684979552635,3860000
2025-02-21,283.9085998535156,309.8799772465291,277.2510476209941,309.4208451665302,6478000
2025-02-24,267.2198486328125,289.46821514349335,262.15931305994695,289.46821514349335,7221400
2025-02-25,263.81622314453125,267.5492264639063,248.09564672704164,264.2853463258885,5094600
2025-02-26,269.6353454589844,279.4270162120403,267.5492231422803,272.24045489761124,4724900
2025-02-27,249.2734375,280.0757849981664,248.32520011990542,275.87365871174865,5131000
2025-02-28,250.07693481445312,251.0690811324815,241.15862944672415,245.95964106024286,6029600
2025-03-03,231.8560333251953,249.25547400148656,228.81174346421568,248.91411767154452,5315000
2025-03-04,231.21722412109375,239.1823268076025,220.8366595496309,227.07498326572215,5525500
2025-03-05,228.8916015625,233.1037039283792,223.0026145502389,230.2191035111289,3840200
2025-03-06,207.302001953125,222.3638075939265,204.32757336788345,219.77864981269212,7710800
2025-03-07,212.5399932861328,216.13999938964844,203.10000610351562,208.10000610351562,4986200
2025-03-10,202.2100067138672,208.24000549316406,195.55999755859375,203.61000061035156,7689500
2025-03-11,208.5800018310547,211.63999938964844,199.9250030517578,203.99000549316406,5051000
2025-03-12,215.35000610351562,224.3300018310547,210.0,219.4199981689453,7320400
2025-03-13,209.8699951171875,216.77000427246094,203.72000122070312,216.77000427246094,3654300
2025-03-14,216.4600067138672,217.5,209.02999877929688,213.8300018310547,3829900
2025-03-17,218.5399932861328,222.06500244140625,214.36000061035156,216.91000366210938,3547600
2025-03-18,210.85000610351562,218.13499450683594,209.25,217.9199981689453,2716500
2025-03-19,218.0500030517578,220.3699951171875,211.1199951171875,211.1199951171875,3091900
2025-03-20,219.44000244140625,222.42999267578125,214.0,217.05999755859375,2250500
2025-03-21,222.47999572753906,222.82000732421875,212.5500030517578,215.77499389648438,3733500
2025-03-24,228.6199951171875,231.14999389648438,226.60000610351562,228.24000549316406,2773600
2025-03-25,226.8699951171875,230.8719940185547,222.0,229.30999755859375,2849900
2025-03-26,216.97000122070312,226.10000610351562,214.0,224.0,4059000
2025-03-27,209.1999969482422,217.5500030517578,207.52000427246094,211.9600067138672,4178300
2025-03-28,205.38999938964844,215.4149932861328,203.88999938964844,209.89999389648438,5572000
2025-03-31,201.6300048828125,203.55999755859375,195.5500030517578,198.97999572753906,4518500
2025-04-01,206.94000244140625,207.75999450683594,198.08999633789062,200.9499969482422,2863100
2025-04-02,214.4600067138672,215.33999633789062,202.27000427246094,202.8300018310547,3179100
2025-04-03,190.24000549316406,204.0469970703125,189.77999877929688,200.47000122070312,5557500
2025-04-04,170.9600067138672,182.99000549316406,165.0800018310547,180.07000732421875,9358600
2025-04-07,179.7899932861328,189.7899932861328,161.35000610351562,161.52999877929688,7458400
2025-04-08,184.94000244140625,193.3000030517578,181.99000549316406,188.94000244140625,6895700
2025-04-09,215.4499969482422,217.89999389648438,182.61000061035156,186.1300048828125,7984300
2025-04-10,204.49000549316406,211.47500610351562,199.5500030517578,209.0,4048600
2025-04-11,208.25,208.52999877929688,198.0,204.49000549316406,2960700
2025-04-14,206.6999969482422,217.2100067138672,203.8699951171875,214.97000122070312,3427300
2025-04-15,208.4199981689453,212.0,206.35000610351562,206.60000610351562,1986000
2025-04-16,204.19000244140625,207.39999389648438,201.44000244140625,205.0500030517578,2433300
2025-04-17,206.67999267578125,208.82000732421875,203.60400390625,208.35000610351562,1962800
2025-04-21,192.61000061035156,204.8699951171875,188.00599670410156,203.49000549316406,3290900
2025-04-22,200.8800048828125,202.4199981689453,195.85000610351562,197.5500030517578,2457800
2025-04-23,209.8000030517578,217.33999633789062,208.27000427246094,213.25,2976100
2025-04-24,218.07000732421875,220.19000244140625,209.57000732421875,209.57000732421875,2336500
2025-04-25,222.99000549316406,223.94500732421875,216.5,218.11000061035156,2710400
2025-04-28,224.82000732421875,225.49000549316406,219.69000244140625,222.33999633789062,2396300
2025-04-29,226.4499969482422,227.36000061035156,220.5,224.30999755859375,2038900
2025-04-30,223.44000244140625,223.875,216.75,219.5500030517578,2165200
